[
  {
    "op": "core/column-removal",
    "columnName": "H2S",
    "description": "Remove column H2S"
  },
  {
    "op": "core/column-removal",
    "columnName": "NO2",
    "description": "Remove column NO2"
  },
  {
    "op": "core/column-removal",
    "columnName": "O3",
    "description": "Remove column O3"
  },
  {
    "op": "core/column-removal",
    "columnName": "PM10",
    "description": "Remove column PM10"
  },
  {
    "op": "core/column-removal",
    "columnName": "PM25",
    "description": "Remove column PM25"
  },
  {
    "op": "core/column-removal",
    "columnName": "BEN",
    "description": "Remove column BEN"
  },
  {
    "op": "core/column-removal",
    "columnName": "TOL",
    "description": "Remove column TOL"
  },
  {
    "op": "core/column-removal",
    "columnName": "MXIL",
    "description": "Remove column MXIL"
  },
  {
    "op": "core/column-removal",
    "columnName": "Velocidad Viento",
    "description": "Remove column Velocidad Viento"
  },
  {
    "op": "core/column-removal",
    "columnName": "PRB",
    "description": "Remove column PRB"
  },
  {
    "op": "core/column-removal",
    "columnName": "RS",
    "description": "Remove column RS"
  },
  {
    "op": "core/column-removal",
    "columnName": "LL",
    "description": "Remove column LL"
  },
  {
    "op": "core/text-transform",
    "engineConfig": {
      "facets": [],
      "mode": "row-based"
    },
    "columnName": "ID_Estacion",
    "expression": "value.toNumber()",
    "onError": "keep-original",
    "repeat": false,
    "repeatCount": 10,
    "description": "Text transform on cells in column ID_Estacion using expression value.toNumber()"
  },
  {
    "op": "core/text-transform",
    "engineConfig": {
      "facets": [],
      "mode": "row-based"
    },
    "columnName": "Nombre",
    "expression": "value.toString()",
    "onError": "keep-original",
    "repeat": false,
    "repeatCount": 10,
    "description": "Text transform on cells in column Nombre using expression value.toString()"
  },
  {
    "op": "core/text-transform",
    "engineConfig": {
      "facets": [],
      "mode": "row-based"
    },
    "columnName": "Nombre",
    "expression": "value.toString()",
    "onError": "keep-original",
    "repeat": false,
    "repeatCount": 10,
    "description": "Text transform on cells in column Nombre using expression value.toString()"
  },
  {
    "op": "core/text-transform",
    "engineConfig": {
      "facets": [],
      "mode": "row-based"
    },
    "columnName": "latitud",
    "expression": "value.toNumber()",
    "onError": "keep-original",
    "repeat": false,
    "repeatCount": 10,
    "description": "Text transform on cells in column latitud using expression value.toNumber()"
  },
  {
    "op": "core/text-transform",
    "engineConfig": {
      "facets": [],
      "mode": "row-based"
    },
    "columnName": "longitud",
    "expression": "value.toNumber()",
    "onError": "keep-original",
    "repeat": false,
    "repeatCount": 10,
    "description": "Text transform on cells in column longitud using expression value.toNumber()"
  },
  {
    "op": "core/text-transform",
    "engineConfig": {
      "facets": [],
      "mode": "row-based"
    },
    "columnName": "Hora",
    "expression": "value.toNumber()",
    "onError": "keep-original",
    "repeat": false,
    "repeatCount": 10,
    "description": "Text transform on cells in column Hora using expression value.toNumber()"
  },
  {
    "op": "core/text-transform",
    "engineConfig": {
      "facets": [],
      "mode": "row-based"
    },
    "columnName": "SO2",
    "expression": "value.toNumber()",
    "onError": "keep-original",
    "repeat": false,
    "repeatCount": 10,
    "description": "Text transform on cells in column SO2 using expression value.toNumber()"
  },
  {
    "op": "core/text-transform",
    "engineConfig": {
      "facets": [],
      "mode": "row-based"
    },
    "columnName": "NO",
    "expression": "value.toNumber()",
    "onError": "keep-original",
    "repeat": false,
    "repeatCount": 10,
    "description": "Text transform on cells in column NO using expression value.toNumber()"
  },
  {
    "op": "core/text-transform",
    "engineConfig": {
      "facets": [],
      "mode": "row-based"
    },
    "columnName": "NOX",
    "expression": "value.toNumber()",
    "onError": "keep-original",
    "repeat": false,
    "repeatCount": 10,
    "description": "Text transform on cells in column NOX using expression value.toNumber()"
  },
  {
    "op": "core/text-transform",
    "engineConfig": {
      "facets": [],
      "mode": "row-based"
    },
    "columnName": "Direccion Viento",
    "expression": "value.toNumber()",
    "onError": "keep-original",
    "repeat": false,
    "repeatCount": 10,
    "description": "Text transform on cells in column Direccion Viento using expression value.toNumber()"
  },
  {
    "op": "core/text-transform",
    "engineConfig": {
      "facets": [],
      "mode": "row-based"
    },
    "columnName": "Temperatura",
    "expression": "value.toNumber()",
    "onError": "keep-original",
    "repeat": false,
    "repeatCount": 10,
    "description": "Text transform on cells in column Temperatura using expression value.toNumber()"
  },
  {
    "op": "core/text-transform",
    "engineConfig": {
      "facets": [],
      "mode": "row-based"
    },
    "columnName": "HR",
    "expression": "value.toNumber()",
    "onError": "keep-original",
    "repeat": false,
    "repeatCount": 10,
    "description": "Text transform on cells in column HR using expression value.toNumber()"
  }
]